id,Challenge Name,Difficulty [1-4],Description,Creator,Notes
,,Level One (20),,,
1,Hazard Removal,Lv1,Enter a Watery Corridor with at least 3 Hazards and Lose Sanity and Deck in Hand to discard a Hazard. ,NowayArtemus,
2,Vertical Escape,Lv1,"After entering the Spiral Staircase, spend the Sanity to place an engaged Entity into the Discard Pile.",NowayArtemus,
3,Murked,Lv1,Defeat an Entity while in the Murky Pool.,NowayArtemus,
4,Lootin' Lockers,Lv1,Gain an Item in the Apodyterium.,NowayArtemus,
5,Quick Evasion,Lv1,Send an Entity to the Discard Pile after entering the Almond Water Pool.,NowayArtemus,
6,Dream Works,Lv1,Disengage an Entity after entering the Dream pools. ,NowayArtemus,
7,Buried Treasure,Lv1,Engage a Hazard Crab and pick up the item that was Buried under it.,NowayArtemus,
8,Smiling Ally,Lv1,Gain Robert Ducky as a Companion.,NowayArtemus,
9,Hopping Mad,Lv1,Engage Bullfrog Man by having him move onto or next to your FOP space.,NowayArtemus,
10,Urchin's Relief,Lv1,Discard 2 Hazards when you engage the Sea Urchin.,NowayArtemus,
11,Shroom Vampire,Lv1,Gain 4 cards from the Pull Pile after defeating an Entity with the Lifebound Shrooms.,NowayArtemus,
12,Bathed in Acid,Lv1,Deal 4 Damage in a single attack with the Day Bright Spray.,NowayArtemus,
13,Ladder to Land,Lv1,Discard a Hazard with the Pool Ladder.,NowayArtemus,
14,Cool Cat,Lv1,Discard the Pool Cat to avoid losing Sanity from an Entity engagement.,NowayArtemus,
15,Return Flight,Lv1,Return Grin-and-Groan to your Inventory in the same round it was discarded.,NowayArtemus,
16,It Always Comes Back,Lv1,Return the Boomerang Buoy to your Inventory once it leaves the FOP.,NowayArtemus,
17,Take that!,Lv1,Defeat an Entity with only the Foam Sword.,NowayArtemus,
18,Ambush!,Lv1,Become engaged with an Entity from the Apodyterium's effect.,NowayArtemus,
19,Turning Point,Lv1,Have at least 3 Turn Arcades on the Field of Play at the start of the Movement Round.,NowayArtemus,
20,Slipped Right By,Lv1,Conceal Bull Frog Man while it's 2 or less spaces away from you on the FOP.,NowayArtemus,
,,,,,
,,Level Two (18),,,
1,Fountain of Blood,Lv2,Engage and Defeat an Entity in the Sacrificial Fountain Room.,NowayArtemus,
2,To the Death!,Lv2,Become engaged with a Green light or higher Entity when visiting the Death Slides. ,NowayArtemus,
3,Danger Level Rising,Lv2,Gain a 4th Hazard by entering a Darkened Poolroom.,NowayArtemus,
4,Slide of Pain,Lv2,Retrieve an Attack Item to your Inventory that deals at least 4 Damage after moving into the Water Slide. ,NowayArtemus,
5,All Dried Up,Lv2,Discard at least 2 Hazards after entering the Dry Room.,NowayArtemus,
6,Water Works,Lv2,Add an Almond Water and a Cashew Water to your Inventory from visiting the Aquarium Cafe.,NowayArtemus,
7,Enemies to Friends,Lv2,Gain the Water Faceling as a Companion.,NowayArtemus,
8,The Power of Foam,Lv2,"Have Foams absorb 2 Entities, then use it to defeat an Entity. ",NowayArtemus,
9,Goalie Energy,Lv2,Have Shadow Sighton block and discard a Concealment item.,NowayArtemus,
10,Josan the Tank,Lv2,Have at least 7 cards under Josan the Lifeguard at the end of an Action Round. ,NowayArtemus,
11,Not just a Toy,Lv2,Deal at least 4 Damage using the Foam Sword in a single attack.,NowayArtemus,
12,Lost in the Sauce,Lv2,Discard 2 Almond Waters to discard a Red Light or higher Entity from the FOP. ,NowayArtemus,
13,Aqua Bazooka,Lv2,Have 3 Hazards when you use the Aqua Shrooms.,NowayArtemus,
14,Buried Alive,Lv2,Use Shroom Nectar on 2 different Entities.,NowayArtemus,
15,Lockers of Destiny,Lv2,Find at least 2 Items in the Apodyterium.,NowayArtemus,
16,Life Line,Lv2,Lose 5 Sanity to discard 2 Hazards with the Pool Ladder. Do this twice before escaping.,NowayArtemus,
17,Saving the Life Saver,Lv2,Enter the Golden Slide while Josan has 4 cards under him.,NowayArtemus,
18,Toxic Tag Along,Lv2,"Gain Pixelle as a Companion, then discard it by picking up another Companion.",NowayArtemus,
,,,,,
,,Level Three (18),,,
1,Skits for Days,Lv3,"Use Aqua Skits to conceal an Entity, discard a Hazard, and gain 3 cards from the Pull Pile. ",NowayArtemus,
2,Banishment by Shark,Lv3,Spend a Painite Gem when engaging the Inflatable Shark  to discard a Red Light or higher entity from the FOP. ,NowayArtemus,
3,No Mercy,Lv3,"Have Mercy automatically engage you when you have less than 12 Health, and defeat it.",NowayArtemus,
4,Arachnid Revival,Lv3,Defeat a Tsuchigumo after it reveals an entity or item upon defeat and discards the last used Attack item.,NowayArtemus,
5,Alligator to Ashes,Lv3,Defeat Barruk the Alligator using only Cashew Water and/or Day Bright Spray.,NowayArtemus,
6,Impeding the Centipede,Lv3,Defeat the Centipede with 10 or less Sanity remaining.,NowayArtemus,
7,King of the Aqua Zone,Lv3,Defeat the Water Sentinel.,NowayArtemus,
8,Dark Souls,Lv3,Defeat at least 4 Entities while you have the Soulroot Signet equipped.,NowayArtemus,
9,"Be Kind, Rewind",Lv3,Return 4 Items to your Inventory by any means.,NowayArtemus,
10,Eye of the Storm,Lv3,Lose 15 Sanity to discard all entities from the FOP using the Tempest Sphere. At least 3 Entities must be Unfriendly.,NowayArtemus,
11,Eerie Enemies,Lv3,Defeat a Red Light or higher entity in the Sacrificial Fountain room.,NowayArtemus,
12,Friendly Fire,Lv3,"Gain the Aquatic Faceling as a Companion, then use it as the final damage to defeat an entity.",NowayArtemus,
13,The Opposite of Drowning,Lv3,Lose at least 3 Hazards in a single Movement and Action Round. ,NowayArtemus,
14,Foam Frenzy,Lv3,Deal at least 8 Damage using 2 or more Foam Swords.,NowayArtemus,
15,Ready for Anything,Lv3,Exit with 4 items in your inventory and no Hazards.,NowayArtemus,
16,Unrelenting Gaze,Lv3,Defeat Shadow Sighton in the same round after it blocks a concealment item from being used.  ,NowayArtemus,
17,Rat Friend,Lv3,"Gain 2 Items from the Pack Rat, then gain the Pack Rat as a Companion.",NowayArtemus,
18,Filled to the Brim,Lv3,Have a full Inventory with two items on the Pack Rat as your Companion.,NowayArtemus,
,,,,,
,,Level Four (2),,,
1,,Lv4,,,
2,,Lv4,,,